topic,url,category
Strategic Planning,https://flevy.com/topic/strategic-planning,"Strategy, Transformation, & Innovation"
Risk Management,https://flevy.com/topic/risk-management,Operational Excellence
Pricing Strategy,https://flevy.com/topic/pricing-strategy,"Strategy, Transformation, & Innovation"
Supply Chain Analysis,https://flevy.com/topic/supply-chain-analysis,Operational Excellence
Company Financial Model,https://flevy.com/topic/company-financial-model,Uncategorized
Integrated Financial Model,https://flevy.com/topic/integrated-financial-model,Uncategorized
Cost Reduction,https://flevy.com/topic/cost-reduction,Operational Excellence
Business Plan Financial Model,https://flevy.com/topic/business-plan-financial-model,Uncategorized
Cost Optimization,https://flevy.com/topic/cost-optimization,Operational Excellence
Scenario Planning,https://flevy.com/topic/scenario-planning,"Strategy, Transformation, & Innovation"
Operational Risk,https://flevy.com/topic/operational-risk,Operational Excellence
McKinsey Templates,https://flevy.com/topic/mckinsey-templates,Consulting Framework
Change Management,https://flevy.com/topic/change-management,"Organization, Change, & HR"
Financial Risk,https://flevy.com/topic/financial-risk,Uncategorized
Performance Management,https://flevy.com/topic/performance-management,"Strategy, Transformation, & Innovation"
Digital Transformation,https://flevy.com/topic/digital-transformation,Digital Transformation
Customer Experience,https://flevy.com/topic/customer-experience,Digital Transformation
Process Improvement,https://flevy.com/topic/process-improvement,Operational Excellence
Strategy Development,https://flevy.com/topic/strategy-development,"Strategy, Transformation, & Innovation"
Project Management,https://flevy.com/topic/project-management,Operational Excellence
Innovation Management,https://flevy.com/topic/innovation-management,"Strategy, Transformation, & Innovation"
Growth Strategy,https://flevy.com/topic/growth-strategy,"Strategy, Transformation, & Innovation"
Supply Chain Management,https://flevy.com/topic/supply-chain-management,Operational Excellence
Accenture Templates,https://flevy.com/topic/accenture-templates,Consulting Framework
Operational Excellence,https://flevy.com/topic/operational-excellence,Operational Excellence
Leadership,https://flevy.com/topic/leadership,"Organization, Change, & HR"
Artificial Intelligence,https://flevy.com/topic/artificial-intelligence,Digital Transformation
Organizational Change,https://flevy.com/topic/organizational-change,"Organization, Change, & HR"
Manufacturing,https://flevy.com/topic/manufacturing,Operational Excellence
Kaizen,https://flevy.com/topic/kaizen,Operational Excellence
Information Technology,https://flevy.com/topic/information-technology,Digital Transformation
Procurement Strategy,https://flevy.com/topic/procurement-strategy,Operational Excellence
HR Strategy,https://flevy.com/topic/hr-strategy,"Organization, Change, & HR"
Quality Management,https://flevy.com/topic/quality-management,Operational Excellence
Boston Consulting Group PowerPoint,https://flevy.com/topic/boston-consulting-group-powerpoint,Consulting Framework
Return on Investment,https://flevy.com/topic/return-on-investment,Uncategorized
Human Resources,https://flevy.com/topic/human-resources,"Organization, Change, & HR"
Key Performance Indicators,https://flevy.com/topic/key-performance-indicators,"Strategy, Transformation, & Innovation"
Supply Chain,https://flevy.com/topic/supply-chain,Operational Excellence
Real Estate,https://flevy.com/topic/real-estate,Uncategorized
Business Continuity Planning,https://flevy.com/topic/business-continuity-planning,Operational Excellence
Cyber Security,https://flevy.com/topic/cyber-security,Digital Transformation
M&A (Mergers & Acquisitions),https://flevy.com/topic/manda-mergers-and-acquisitions,"Strategy, Transformation, & Innovation"
Organizational Design,https://flevy.com/topic/organizational-design,"Organization, Change, & HR"
Digital Marketing Strategy,https://flevy.com/topic/digital-marketing-strategy,Digital Transformation
Talent Management,https://flevy.com/topic/talent-management,"Organization, Change, & HR"
McKinsey PowerPoint,https://flevy.com/topic/mckinsey-powerpoint,Consulting Framework
Lean Manufacturing,https://flevy.com/topic/lean-manufacturing,Operational Excellence
Consulting Frameworks,https://flevy.com/topic/consulting-frameworks,Consulting Framework
Acquisition Strategy,https://flevy.com/topic/acquisition-strategy,"Strategy, Transformation, & Innovation"
Agile,https://flevy.com/topic/agile,Digital Transformation
Lean,https://flevy.com/topic/lean,Operational Excellence
Balanced Scorecard,https://flevy.com/topic/balanced-scorecard,Operational Excellence
MIS,https://flevy.com/topic/mis,Digital Transformation
Digital Transformation Strategy,https://flevy.com/topic/digital-transformation-strategy,Digital Transformation
PwC PowerPoint,https://flevy.com/topic/pwc-powerpoint,Consulting Framework
Accenture Frameworks,https://flevy.com/topic/accenture-frameworks,Consulting Framework
Employee Engagement,https://flevy.com/topic/employee-engagement,"Organization, Change, & HR"
PwC Templates,https://flevy.com/topic/pwc-templates,Consulting Framework
Value Chain Analysis,https://flevy.com/topic/value-chain-analysis,"Strategy, Transformation, & Innovation"
Due Diligence,https://flevy.com/topic/due-diligence,"Strategy, Transformation, & Innovation"
Bain PowerPoint,https://flevy.com/topic/bain-powerpoint,Consulting Framework
Product Strategy,https://flevy.com/topic/product-strategy,"Strategy, Transformation, & Innovation"
Innovation,https://flevy.com/topic/innovation,"Strategy, Transformation, & Innovation"
Deloitte PowerPoint,https://flevy.com/topic/deloitte-powerpoint,Consulting Framework
PwC Frameworks,https://flevy.com/topic/pwc-frameworks,Consulting Framework
Competitive Advantage,https://flevy.com/topic/competitive-advantage,"Strategy, Transformation, & Innovation"
Sales,https://flevy.com/topic/sales,"Strategy, Transformation, & Innovation"
Post-merger Integration,https://flevy.com/topic/post-merger-integration,Operational Excellence
Strategy Frameworks,https://flevy.com/topic/strategy-frameworks,"Strategy, Transformation, & Innovation"
Social Media Strategy,https://flevy.com/topic/social-media-strategy,Digital Transformation
Business Plan Example,https://flevy.com/topic/business-plan-example,Uncategorized
ITIL,https://flevy.com/topic/itil,Digital Transformation
Workplace Safety,https://flevy.com/topic/workplace-safety,Operational Excellence
IT,https://flevy.com/topic/it,Digital Transformation
E&Y Templates,https://flevy.com/topic/eandy-templates,Consulting Framework
Business Transformation,https://flevy.com/topic/business-transformation,"Strategy, Transformation, & Innovation"
Value Creation,https://flevy.com/topic/value-creation,"Strategy, Transformation, & Innovation"
PwC Presentations,https://flevy.com/topic/pwc-presentations,Consulting Framework
Sustainability,https://flevy.com/topic/sustainability,"Organization, Change, & HR"
Service Design,https://flevy.com/topic/service-design,"Strategy, Transformation, & Innovation"
Core Competencies,https://flevy.com/topic/core-competencies,"Strategy, Transformation, & Innovation"
Quality Management & Assurance,https://flevy.com/topic/quality-management-and-assurance,Operational Excellence
Visual Workplace,https://flevy.com/topic/visual-workplace,Operational Excellence
Decision Making,https://flevy.com/topic/decision-making,"Strategy, Transformation, & Innovation"
IT Strategy,https://flevy.com/topic/it-strategy,Digital Transformation
Logistics,https://flevy.com/topic/logistics,Operational Excellence
Process Maps,https://flevy.com/topic/process-maps,Operational Excellence
Marketing Plan Development,https://flevy.com/topic/marketing-plan-development,"Strategy, Transformation, & Innovation"
SWOT Analysis,https://flevy.com/topic/swot-analysis,"Strategy, Transformation, & Innovation"
Kanban,https://flevy.com/topic/kanban,Operational Excellence
KPI,https://flevy.com/topic/kpi,"Strategy, Transformation, & Innovation"
Six Sigma Project,https://flevy.com/topic/six-sigma-project,Operational Excellence
Problem Solving,https://flevy.com/topic/problem-solving,Consulting Framework
McKinsey Presentations,https://flevy.com/topic/mckinsey-presentations,Consulting Framework
Team Management,https://flevy.com/topic/team-management,"Organization, Change, & HR"
Customer Service,https://flevy.com/topic/customer-service,Operational Excellence
ISO 27001,https://flevy.com/topic/iso-27001,Digital Transformation
Employee Training,https://flevy.com/topic/employee-training,"Organization, Change, & HR"
Business Model Innovation,https://flevy.com/topic/business-model-innovation,"Strategy, Transformation, & Innovation"
Value Stream Mapping,https://flevy.com/topic/value-stream-mapping,Operational Excellence
Continuous Improvement,https://flevy.com/topic/continuous-improvement,Operational Excellence
Corporate Culture,https://flevy.com/topic/corporate-culture,"Organization, Change, & HR"
Breakout Strategy,https://flevy.com/topic/breakout-strategy,"Strategy, Transformation, & Innovation"
Crisis Management,https://flevy.com/topic/crisis-management,Operational Excellence
Value Proposition,https://flevy.com/topic/value-proposition,"Strategy, Transformation, & Innovation"
Lean Management,https://flevy.com/topic/lean-management,Operational Excellence
Customer Journey,https://flevy.com/topic/customer-journey,Digital Transformation
Accenture Presentations,https://flevy.com/topic/accenture-presentations,Consulting Framework
Human Resources Management,https://flevy.com/topic/human-resources-management,"Organization, Change, & HR"
Current State Assessment,https://flevy.com/topic/current-state-assessment,Uncategorized
Program Management,https://flevy.com/topic/program-management,Operational Excellence
Competitive Analysis,https://flevy.com/topic/competitive-analysis,"Strategy, Transformation, & Innovation"
CMMI,https://flevy.com/topic/cmmi,"Organization, Change, & HR"
Capgemini Templates,https://flevy.com/topic/capgemini-templates,Consulting Framework
Best Practices,https://flevy.com/topic/best-practices,"Strategy, Transformation, & Innovation"
Boston Consulting Group Documents,https://flevy.com/topic/boston-consulting-group-documents,Consulting Framework
SaaS,https://flevy.com/topic/saas,Digital Transformation
Knowledge Management,https://flevy.com/topic/knowledge-management,"Organization, Change, & HR"
Management Information Systems,https://flevy.com/topic/management-information-systems,Digital Transformation
Cloud,https://flevy.com/topic/cloud,Digital Transformation
Bain Frameworks,https://flevy.com/topic/bain-frameworks,Consulting Framework
ESG,https://flevy.com/topic/esg,"Organization, Change, & HR"
Maturity Model,https://flevy.com/topic/maturity-model,"Organization, Change, & HR"
Pharma,https://flevy.com/topic/pharma,Uncategorized
Enterprise Architecture,https://flevy.com/topic/enterprise-architecture,Digital Transformation
E&Y PowerPoint,https://flevy.com/topic/eandy-powerpoint,Consulting Framework
McKinsey Documents,https://flevy.com/topic/mckinsey-documents,Consulting Framework
Environmental Analysis,https://flevy.com/topic/environmental-analysis,"Strategy, Transformation, & Innovation"
Capgemini Presentations,https://flevy.com/topic/capgemini-presentations,Consulting Framework
5S,https://flevy.com/topic/5s,Operational Excellence
Enterprise Performance Management,https://flevy.com/topic/enterprise-performance-management,"Strategy, Transformation, & Innovation"
Consulting Methodologies,https://flevy.com/topic/consulting-methodologies,Consulting Framework
Bain Presentations,https://flevy.com/topic/bain-presentations,Consulting Framework
A.T. Kearney Templates,https://flevy.com/topic/a-tkearney-templates,Consulting Framework
Stakeholder Management,https://flevy.com/topic/stakeholder-management,"Organization, Change, & HR"
M&A,https://flevy.com/topic/manda,"Strategy, Transformation, & Innovation"
Analytics,https://flevy.com/topic/analytics,Digital Transformation
Inventory Management,https://flevy.com/topic/inventory-management,Operational Excellence
Oliver Wyman Documents,https://flevy.com/topic/oliver-wyman-documents,Consulting Framework
McKinsey 7-S,https://flevy.com/topic/mckinsey-7-s,"Organization, Change, & HR"
Governance,https://flevy.com/topic/governance,"Organization, Change, & HR"
Accenture PowerPoint,https://flevy.com/topic/accenture-powerpoint,Consulting Framework
Corporate Strategy,https://flevy.com/topic/corporate-strategy,"Strategy, Transformation, & Innovation"
Entrepreneurship,https://flevy.com/topic/entrepreneurship,Uncategorized
Organizational Structure,https://flevy.com/topic/organizational-structure,"Organization, Change, & HR"
Healthcare,https://flevy.com/topic/healthcare,Uncategorized
Soft Skills,https://flevy.com/topic/soft-skills,"Organization, Change, & HR"
BCG Frameworks,https://flevy.com/topic/bcg-frameworks,Consulting Framework
Pitch Deck,https://flevy.com/topic/pitch-deck,Uncategorized
Talent Strategy,https://flevy.com/topic/talent-strategy,"Organization, Change, & HR"
Roland Berger Frameworks,https://flevy.com/topic/roland-berger-frameworks,Consulting Framework
Food & Beverage Industry,https://flevy.com/topic/food-and-beverage-industry,Uncategorized
Oliver Wyman PowerPoint,https://flevy.com/topic/oliver-wyman-powerpoint,Consulting Framework
McKinsey Frameworks,https://flevy.com/topic/mckinsey-frameworks,Consulting Framework
Remote Work,https://flevy.com/topic/remote-work,Digital Transformation
Oliver Wyman Presentations,https://flevy.com/topic/oliver-wyman-presentations,Consulting Framework
Design Thinking,https://flevy.com/topic/design-thinking,"Strategy, Transformation, & Innovation"
Strategic Thinking,https://flevy.com/topic/strategic-thinking,"Strategy, Transformation, & Innovation"
Data Privacy,https://flevy.com/topic/data-privacy,Digital Transformation
Roland Berger PowerPoint,https://flevy.com/topic/roland-berger-powerpoint,Consulting Framework
Strategy& Presentations,https://flevy.com/topic/strategyand-presentations,Consulting Framework
Prompt Engineering,https://flevy.com/topic/prompt-engineering,Uncategorized
Management Consulting Frameworks,https://flevy.com/topic/management-consulting-frameworks,Consulting Framework
ChatGPT,https://flevy.com/topic/chatgpt,Digital Transformation
Lean Thinking,https://flevy.com/topic/lean-thinking,Operational Excellence
LEK Templates,https://flevy.com/topic/lek-templates,Consulting Framework
Oliver Wyman Templates,https://flevy.com/topic/oliver-wyman-templates,Consulting Framework
Lean Management/Enterprise,https://flevy.com/topic/lean-management-enterprise,Operational Excellence
Target Operating Model,https://flevy.com/topic/target-operating-model,"Organization, Change, & HR"
Hiring,https://flevy.com/topic/hiring,"Organization, Change, & HR"
Valuation Model Example,https://flevy.com/topic/valuation-model-example,Uncategorized
Consulting Training,https://flevy.com/topic/consulting-training,Consulting Framework
Cybersecurity,https://flevy.com/topic/cybersecurity,Digital Transformation
Oliver Wyman Frameworks,https://flevy.com/topic/oliver-wyman-frameworks,Consulting Framework
Bain Templates,https://flevy.com/topic/bain-templates,Consulting Framework
Structured Communication,https://flevy.com/topic/structured-communication,Consulting Framework
Mercer Templates,https://flevy.com/topic/mercer-templates,Consulting Framework
Cost Reduction Assessment,https://flevy.com/topic/cost-reduction-assessment,Operational Excellence
TPM,https://flevy.com/topic/tpm,Operational Excellence
Capgemini Frameworks,https://flevy.com/topic/capgemini-frameworks,Consulting Framework
Roland Berger Presentations,https://flevy.com/topic/roland-berger-presentations,Consulting Framework
Data Governance,https://flevy.com/topic/data-governance,Digital Transformation
E&Y Presentations,https://flevy.com/topic/eandy-presentations,Consulting Framework
Sales Management,https://flevy.com/topic/sales-management,"Strategy, Transformation, & Innovation"
Information Architecture,https://flevy.com/topic/information-architecture,Digital Transformation
Accenture Documents,https://flevy.com/topic/accenture-documents,Consulting Framework
Booz Presentations,https://flevy.com/topic/booz-presentations,Consulting Framework
Total Productive Maintenance,https://flevy.com/topic/total-productive-maintenance,Operational Excellence
IBM PowerPoint,https://flevy.com/topic/ibm-powerpoint,Consulting Framework
Mercer Presentations,https://flevy.com/topic/mercer-presentations,Consulting Framework
Market Research,https://flevy.com/topic/market-research,"Strategy, Transformation, & Innovation"
Restructuring,https://flevy.com/topic/restructuring,"Strategy, Transformation, & Innovation"
Booz Allen Presentations,https://flevy.com/topic/booz-allen-presentations,Consulting Framework
LBO Model Example,https://flevy.com/topic/lbo-model-example,Uncategorized
Booz Allen Frameworks,https://flevy.com/topic/booz-allen-frameworks,Consulting Framework
Sales Strategy,https://flevy.com/topic/sales-strategy,"Strategy, Transformation, & Innovation"
BCG PowerPoint,https://flevy.com/topic/bcg-powerpoint,Consulting Framework
Marketing Strategy,https://flevy.com/topic/marketing-strategy,"Strategy, Transformation, & Innovation"
Organizational Effectiveness,https://flevy.com/topic/organizational-effectiveness,"Organization, Change, & HR"
Structured Thinking,https://flevy.com/topic/structured-thinking,Consulting Framework
Customer Strategy,https://flevy.com/topic/customer-strategy,Digital Transformation
Performance Measurement,https://flevy.com/topic/performance-measurement,"Strategy, Transformation, & Innovation"
Robotic Process Automation,https://flevy.com/topic/robotic-process-automation,Digital Transformation
User Experience,https://flevy.com/topic/user-experience,Digital Transformation
Data & Analytics,https://flevy.com/topic/data-and-analytics,Digital Transformation
IBM Templates,https://flevy.com/topic/ibm-templates,Consulting Framework
Big Data,https://flevy.com/topic/big-data,Digital Transformation
Consulting Proposals,https://flevy.com/topic/consulting-proposals,Consulting Framework
Customer Satisfaction,https://flevy.com/topic/customer-satisfaction,Digital Transformation
Capgemini PowerPoint,https://flevy.com/topic/capgemini-powerpoint,Consulting Framework
Service Excellence,https://flevy.com/topic/service-excellence,Operational Excellence
Customer Segmentation,https://flevy.com/topic/customer-segmentation,"Strategy, Transformation, & Innovation"
Sales Deck,https://flevy.com/topic/sales-deck,Uncategorized
A.T. Kearney Frameworks,https://flevy.com/topic/a-tkearney-frameworks,Consulting Framework
Business Frameworks,https://flevy.com/topic/business-frameworks,Consulting Framework
A.T. Kearney Documents,https://flevy.com/topic/a-tkearney-documents,Consulting Framework
IBM Presentations,https://flevy.com/topic/ibm-presentations,Consulting Framework
Business Resilience,https://flevy.com/topic/business-resilience,Operational Excellence
Interviewing,https://flevy.com/topic/interviewing,"Organization, Change, & HR"
PwC Documents,https://flevy.com/topic/pwc-documents,Consulting Framework
Management Consulting Training,https://flevy.com/topic/management-consulting-training,Consulting Framework
Startup,https://flevy.com/topic/startup,Uncategorized
E-commerce,https://flevy.com/topic/e-commerce,Digital Transformation
Commercial Due Diligence,https://flevy.com/topic/commercial-due-diligence,"Strategy, Transformation, & Innovation"
Booz Allen Templates,https://flevy.com/topic/booz-allen-templates,Consulting Framework
BCG Presentations,https://flevy.com/topic/bcg-presentations,Consulting Framework
A.T. Kearney Presentations,https://flevy.com/topic/a-t-kearney-presentations,Consulting Framework
Consulting Process,https://flevy.com/topic/consulting-process,Consulting Framework
Roland Berger Templates,https://flevy.com/topic/roland-berger-templates,Consulting Framework
Data Monetization,https://flevy.com/topic/data-monetization,"Strategy, Transformation, & Innovation"
Corporate Social Responsibility,https://flevy.com/topic/corporate-social-responsibility,"Organization, Change, & HR"
Strategy Consulting Frameworks,https://flevy.com/topic/strategy-consulting-frameworks,Consulting Framework
BDP,https://flevy.com/topic/bdp,"Strategy, Transformation, & Innovation"
Life Sciences,https://flevy.com/topic/life-sciences,Uncategorized
PMO,https://flevy.com/topic/pmo,Operational Excellence
LEK PowerPoint,https://flevy.com/topic/lek-powerpoint,Consulting Framework
Scrum,https://flevy.com/topic/scrum,Digital Transformation
Critical Success Factors,https://flevy.com/topic/critical-success-factors,"Strategy, Transformation, & Innovation"
Strategy Documents,https://flevy.com/topic/strategy-documents,Consulting Framework
Booz Allen PowerPoint,https://flevy.com/topic/booz-allen-powerpoint,Consulting Framework
Lean Enterprise,https://flevy.com/topic/lean-enterprise,Operational Excellence
Organizational Alignment,https://flevy.com/topic/organizational-alignment,"Organization, Change, & HR"
IBM Documents,https://flevy.com/topic/ibm-documents,Consulting Framework
Industry Analysis,https://flevy.com/topic/industry-analysis,"Strategy, Transformation, & Innovation"
Consulting Documents,https://flevy.com/topic/consulting-documents,Consulting Framework
Oil & Gas,https://flevy.com/topic/oil-and-gas,Uncategorized
Employee Retention,https://flevy.com/topic/employee-retention,"Organization, Change, & HR"
Roland Berger Documents,https://flevy.com/topic/roland-berger-documents,Consulting Framework
BCG Templates,https://flevy.com/topic/bcg-templates,Consulting Framework
E&Y Frameworks,https://flevy.com/topic/eandy-frameworks,Consulting Framework
Booz Templates,https://flevy.com/topic/booz-templates,Consulting Framework
Specialized PowerPoint Templates,https://flevy.com/topic/specialized-powerpoint-templates,Uncategorized
IBM Frameworks,https://flevy.com/topic/ibm-frameworks,Consulting Framework
LEK Documents,https://flevy.com/topic/lek-documents,Consulting Framework
Communications Strategy,https://flevy.com/topic/communications-strategy,"Organization, Change, & HR"
Customer Loyalty,https://flevy.com/topic/customer-loyalty,"Strategy, Transformation, & Innovation"
Mercer PowerPoint,https://flevy.com/topic/mercer-powerpoint,Consulting Framework
Data Analytics,https://flevy.com/topic/data-analytics,Digital Transformation
DCF Model Example,https://flevy.com/topic/dcf-model-example,Uncategorized
Marketing,https://flevy.com/topic/marketing,"Strategy, Transformation, & Innovation"
Organizational Culture,https://flevy.com/topic/organizational-culture,"Organization, Change, & HR"
Capgemini Documents,https://flevy.com/topic/capgemini-documents,Consulting Framework
Boston Consulting Group Templates,https://flevy.com/topic/boston-consulting-group-templates,Consulting Framework
Porter's Five Forces Analysis,https://flevy.com/topic/porters-five-forces-analysis,"Strategy, Transformation, & Innovation"
Specialized PowerPoint Diagrams,https://flevy.com/topic/specialized-powerpoint-diagrams,Uncategorized
Strategy Execution,https://flevy.com/topic/strategy-execution,"Strategy, Transformation, & Innovation"
Gantt Chart Templates,https://flevy.com/topic/gantt-chart-templates,Uncategorized
Business Process Re-engineering,https://flevy.com/topic/business-process-re-engineering,Operational Excellence
Contract,https://flevy.com/topic/contract,Uncategorized
Sample Business Plan,https://flevy.com/topic/sample-business-plan,Uncategorized
Business Process Improvement,https://flevy.com/topic/business-process-improvement,Operational Excellence
BCP,https://flevy.com/topic/bcp,Operational Excellence
Boston Consulting Group Presentations,https://flevy.com/topic/boston-consulting-group-presentations,Consulting Framework
Supply Chain Resilience,https://flevy.com/topic/supply-chain-resilience,Operational Excellence
Hoshin Kanri,https://flevy.com/topic/hoshin-kanri,Operational Excellence
A.T. Kearney PowerPoint,https://flevy.com/topic/a-tkearney-powerpoint,Consulting Framework
Internet of Things,https://flevy.com/topic/internet-of-things,Digital Transformation
PMP Exam Preparation,https://flevy.com/topic/pmp-exam-preparation,Uncategorized
Value Chain,https://flevy.com/topic/value-chain,"Strategy, Transformation, & Innovation"
Booz PowerPoint,https://flevy.com/topic/booz-powerpoint,Consulting Framework
Financial Modeling,https://flevy.com/topic/financial-modeling,Uncategorized
Boston Consulting Group Frameworks,https://flevy.com/topic/boston-consulting-group-frameworks,Consulting Framework
Financial Analysis,https://flevy.com/topic/financial-analysis,Uncategorized
Business Continuity Management,https://flevy.com/topic/business-continuity-management,Operational Excellence
Presentation Development,https://flevy.com/topic/presentation-development,Consulting Framework
Mercer Frameworks,https://flevy.com/topic/mercer-frameworks,Consulting Framework
A.T. Kearney Presentations,https://flevy.com/topic/a-tkearney-presentations,Consulting Framework
Booz Allen Documents,https://flevy.com/topic/booz-allen-documents,Consulting Framework
Sourcing Strategy,https://flevy.com/topic/sourcing-strategy,Operational Excellence
PDCA,https://flevy.com/topic/pdca,Operational Excellence
Synergy,https://flevy.com/topic/synergy,"Strategy, Transformation, & Innovation"
SWOT,https://flevy.com/topic/swot,"Strategy, Transformation, & Innovation"
Business Plan Template,https://flevy.com/topic/business-plan-template,Uncategorized
Six Sigma,https://flevy.com/topic/six-sigma,Operational Excellence
Agreement,https://flevy.com/topic/agreement,Uncategorized
Machine Learning,https://flevy.com/topic/machine-learning,Digital Transformation
Organizational Behavior,https://flevy.com/topic/organizational-behavior,"Organization, Change, & HR"
Bain Documents,https://flevy.com/topic/bain-documents,Consulting Framework
Financial Ratio Analysis,https://flevy.com/topic/financial-ratio-analysis,Uncategorized
Booz Frameworks,https://flevy.com/topic/booz-frameworks,Consulting Framework
LEK Presentations,https://flevy.com/topic/lek-presentations,Consulting Framework
Medical,https://flevy.com/topic/medical,Uncategorized
Cost Management,https://flevy.com/topic/cost-management,Operational Excellence
McKinsey 3 Horizons Model,https://flevy.com/topic/mckinsey-3-horizons-model,"Strategy, Transformation, & Innovation"
Michael Porter's Value Chain,https://flevy.com/topic/michael-porters-value-chain,"Strategy, Transformation, & Innovation"
LEK Frameworks,https://flevy.com/topic/lek-frameworks,Consulting Framework
Porter's Five Forces,https://flevy.com/topic/porters-five-forces,"Strategy, Transformation, & Innovation"
E&Y Documents,https://flevy.com/topic/eandy-documents,Consulting Framework
Restaurant Industry,https://flevy.com/topic/restaurant-industry,Uncategorized
Ideation,https://flevy.com/topic/ideation,"Strategy, Transformation, & Innovation"
ISO 14001,https://flevy.com/topic/iso-14001,Uncategorized
A.T. Kearney PowerPoint,https://flevy.com/topic/a-t-kearney-powerpoint,Consulting Framework
STEEPLE,https://flevy.com/topic/steeple,"Strategy, Transformation, & Innovation"
Core Competencies Analysis,https://flevy.com/topic/core-competencies-analysis,"Strategy, Transformation, & Innovation"
Core Competence,https://flevy.com/topic/core-competence,"Strategy, Transformation, & Innovation"
Mercer Documents,https://flevy.com/topic/mercer-documents,Consulting Framework
Strategic Analysis,https://flevy.com/topic/strategic-analysis,"Strategy, Transformation, & Innovation"
Cost Analysis,https://flevy.com/topic/cost-analysis,Operational Excellence
Team Building,https://flevy.com/topic/team-building,"Organization, Change, & HR"
Workforce Management,https://flevy.com/topic/workforce-management,"Organization, Change, & HR"
Transportation,https://flevy.com/topic/transportation,Uncategorized
Energy Industry,https://flevy.com/topic/energy-industry,Uncategorized
Employee Management,https://flevy.com/topic/employee-management,"Organization, Change, & HR"
A.T. Kearney Frameworks,https://flevy.com/topic/a-t-kearney-frameworks,Consulting Framework
Omnichannel Marketing,https://flevy.com/topic/omnichannel-marketing,Digital Transformation
Renewable Energy,https://flevy.com/topic/renewable-energy,Uncategorized
Customer-centricity,https://flevy.com/topic/customer-centricity,Digital Transformation
Product Launch Strategy,https://flevy.com/topic/product-launch-strategy,"Strategy, Transformation, & Innovation"
Job Training,https://flevy.com/topic/job-training,"Organization, Change, & HR"
Consulting Proposal Development,https://flevy.com/topic/consulting-proposal-development,Consulting Framework
Decision Analysis,https://flevy.com/topic/decision-analysis,"Strategy, Transformation, & Innovation"
Warehouse Management,https://flevy.com/topic/warehouse-management,Operational Excellence
Social Media Marketing,https://flevy.com/topic/social-media-marketing,Digital Transformation
A.T. Kearney Templates,https://flevy.com/topic/a-t-kearney-templates,Consulting Framework
Key Success Factors,https://flevy.com/topic/key-success-factors,"Strategy, Transformation, & Innovation"
Booz Documents,https://flevy.com/topic/booz-documents,Consulting Framework
BCG Documents,https://flevy.com/topic/bcg-documents,Consulting Framework
Root Cause Analysis,https://flevy.com/topic/root-cause-analysis,Operational Excellence
Project Kick-off,https://flevy.com/topic/project-kick-off,Uncategorized
COBIT,https://flevy.com/topic/cobit,Digital Transformation
Disaster Recovery,https://flevy.com/topic/disaster-recovery,Operational Excellence
Budgeting & Forecasting,https://flevy.com/topic/budgeting-and-forecasting,Uncategorized
Strategy Deployment & Execution,https://flevy.com/topic/strategy-deployment-and-execution,"Strategy, Transformation, & Innovation"
Financial Statement Analysis,https://flevy.com/topic/financial-statement-analysis,Uncategorized
ISO 31000,https://flevy.com/topic/iso-31000,Operational Excellence
Internet Marketing,https://flevy.com/topic/internet-marketing,Digital Transformation
Mobile Strategy,https://flevy.com/topic/mobile-strategy,Digital Transformation
SCOR Model,https://flevy.com/topic/scor-model,Operational Excellence
A.T. Kearney Documents,https://flevy.com/topic/a-t-kearney-documents,Consulting Framework
Proposal Template,https://flevy.com/topic/proposal-template,Uncategorized
Pyramid Principle,https://flevy.com/topic/pyramid-principle,Operational Excellence
Customer Relationship Management,https://flevy.com/topic/customer-relationship-management,Digital Transformation
Management Accounting,https://flevy.com/topic/management-accounting,Uncategorized
PMI,https://flevy.com/topic/pmi,Operational Excellence
PMI (Post-merger Integration),https://flevy.com/topic/pmi-post-merger-integration,Operational Excellence
Shareholder Value Analysis,https://flevy.com/topic/shareholder-value-analysis,"Strategy, Transformation, & Innovation"
Human-centered Design,https://flevy.com/topic/human-centered-design,Digital Transformation
HSE,https://flevy.com/topic/hse,"Organization, Change, & HR"
Shareholder Value,https://flevy.com/topic/shareholder-value,"Strategy, Transformation, & Innovation"
Online Marketing,https://flevy.com/topic/online-marketing,Digital Transformation
Costing,https://flevy.com/topic/costing,Operational Excellence
Effective Communication,https://flevy.com/topic/effective-communication,"Organization, Change, & HR"
Strategic Sourcing,https://flevy.com/topic/strategic-sourcing,Operational Excellence
Workplace Organization,https://flevy.com/topic/workplace-organization,Operational Excellence
External Analysis,https://flevy.com/topic/external-analysis,"Strategy, Transformation, & Innovation"
Total Quality Management,https://flevy.com/topic/total-quality-management,Operational Excellence
Strategy Report Example,https://flevy.com/topic/strategy-report-example,"Strategy, Transformation, & Innovation"
Cost Cutting,https://flevy.com/topic/cost-cutting,Operational Excellence
Warehousing,https://flevy.com/topic/warehousing,Operational Excellence
Consumer Decision Journey,https://flevy.com/topic/consumer-decision-journey,Digital Transformation
Bitcoin,https://flevy.com/topic/bitcoin,Digital Transformation
Workforce Training,https://flevy.com/topic/workforce-training,"Organization, Change, & HR"
Kanban Board,https://flevy.com/topic/kanban-board,Uncategorized
Mergers & Acquisitions,https://flevy.com/topic/mergers-and-acquisitions,"Strategy, Transformation, & Innovation"
Consulting PowerPoint Templates,https://flevy.com/topic/consulting-powerpoint-templates,Consulting Framework
Total Shareholder Value,https://flevy.com/topic/total-shareholder-value,"Strategy, Transformation, & Innovation"
Strategy& PowerPoint,https://flevy.com/topic/strategyand-powerpoint,Consulting Framework
Software-as-a-Service,https://flevy.com/topic/software-as-a-service,Digital Transformation
IATF 16949,https://flevy.com/topic/iatf-16949,Operational Excellence
ITSM,https://flevy.com/topic/itsm,Uncategorized
Zachman Framework,https://flevy.com/topic/zachman-framework,Uncategorized
Audit Management,https://flevy.com/topic/audit-management,Operational Excellence
FMEA,https://flevy.com/topic/fmea,Operational Excellence
Construction,https://flevy.com/topic/construction,Uncategorized
Organizational Development,https://flevy.com/topic/organizational-development,"Organization, Change, & HR"
BMI,https://flevy.com/topic/bmi,"Strategy, Transformation, & Innovation"
Retail Strategy,https://flevy.com/topic/retail-strategy,Uncategorized
Building Effective Teams,https://flevy.com/topic/building-effective-teams,"Organization, Change, & HR"
Business Capability Model,https://flevy.com/topic/business-capability-model,Operational Excellence
Expense Tracker,https://flevy.com/topic/expense-tracker,"Organization, Change, & HR"
Feedback,https://flevy.com/topic/feedback,"Organization, Change, & HR"
Product Go-to-Market Strategy,https://flevy.com/topic/product-go-to-market-strategy,"Strategy, Transformation, & Innovation"
Market Analysis,https://flevy.com/topic/market-analysis,"Strategy, Transformation, & Innovation"
Airline Industry,https://flevy.com/topic/airline-industry,Uncategorized
Strategy Deployment,https://flevy.com/topic/strategy-deployment,"Strategy, Transformation, & Innovation"
Compliance,https://flevy.com/topic/compliance,"Organization, Change, & HR"
Ecommerce,https://flevy.com/topic/ecommerce,Digital Transformation
Customer Journey Mapping,https://flevy.com/topic/customer-journey-mapping,Digital Transformation
Recruitment,https://flevy.com/topic/recruitment,"Organization, Change, & HR"
Conflict Resolution,https://flevy.com/topic/conflict-resolution,"Organization, Change, & HR"
Market Intelligence,https://flevy.com/topic/market-intelligence,"Strategy, Transformation, & Innovation"
Presentation Design,https://flevy.com/topic/presentation-design,Consulting Framework
MSA,https://flevy.com/topic/msa,Operational Excellence
Job Safety,https://flevy.com/topic/job-safety,Operational Excellence
Lean Game,https://flevy.com/topic/lean-game,Operational Excellence
Customer Value Proposition,https://flevy.com/topic/customer-value-proposition,"Strategy, Transformation, & Innovation"
Agriculture Industry,https://flevy.com/topic/agriculture-industry,Uncategorized
Market Entry Example,https://flevy.com/topic/market-entry-example,"Strategy, Transformation, & Innovation"
Mining Industry,https://flevy.com/topic/mining-industry,Uncategorized
Hotel Industry,https://flevy.com/topic/hotel-industry,Uncategorized
Strategic Plan Example,https://flevy.com/topic/strategic-plan-example,"Strategy, Transformation, & Innovation"
Facilities Management,https://flevy.com/topic/facilities-management,Operational Excellence
Cash Flow Management,https://flevy.com/topic/cash-flow-management,Uncategorized
Organizational Transformation,https://flevy.com/topic/organizational-transformation,"Strategy, Transformation, & Innovation"
RPA,https://flevy.com/topic/rpa,Digital Transformation
Business Case Example,https://flevy.com/topic/business-case-example,Uncategorized
Disruption,https://flevy.com/topic/disruption,"Strategy, Transformation, & Innovation"
Business Case Development,https://flevy.com/topic/business-case-development,Uncategorized
Account Management,https://flevy.com/topic/account-management,"Strategy, Transformation, & Innovation"
IT Security,https://flevy.com/topic/it-security,Digital Transformation
Customer Decision Journey,https://flevy.com/topic/customer-decision-journey,Digital Transformation
Visual Management,https://flevy.com/topic/visual-management,Operational Excellence
Gage R&R,https://flevy.com/topic/gage-randr,Operational Excellence
ROI,https://flevy.com/topic/roi,Uncategorized
Policy Deployment,https://flevy.com/topic/policy-deployment,Operational Excellence
Process Mapping,https://flevy.com/topic/process-mapping,Operational Excellence
CSR,https://flevy.com/topic/csr,"Organization, Change, & HR"
"Mission, Vision, Values",https://flevy.com/topic/mission-vision-values,"Strategy, Transformation, & Innovation"
Environmental Assessment,https://flevy.com/topic/environmental-assessment,"Strategy, Transformation, & Innovation"
Process Design,https://flevy.com/topic/process-design,Operational Excellence
Key Account Management,https://flevy.com/topic/key-account-management,"Strategy, Transformation, & Innovation"
Stakeholder Analysis,https://flevy.com/topic/stakeholder-analysis,"Organization, Change, & HR"
Business Maturity Model,https://flevy.com/topic/business-maturity-model,"Organization, Change, & HR"
VSM,https://flevy.com/topic/vsm,Operational Excellence
Natural Language Processing,https://flevy.com/topic/natural-language-processing,Digital Transformation
Maritime Industry,https://flevy.com/topic/maritime-industry,Uncategorized
"Environmental, Social, and Governance",https://flevy.com/topic/environmental-social-and-governance,"Organization, Change, & HR"
Process Analysis,https://flevy.com/topic/process-analysis,Operational Excellence
Telework,https://flevy.com/topic/telework,Digital Transformation
Hypothesis Generation,https://flevy.com/topic/hypothesis-generation,"Strategy, Transformation, & Innovation"
ABM,https://flevy.com/topic/abm,"Strategy, Transformation, & Innovation"
Supplier Negotiations,https://flevy.com/topic/supplier-negotiations,Operational Excellence
Hoshin,https://flevy.com/topic/hoshin,Operational Excellence
Strategy Development Example,https://flevy.com/topic/strategy-development-example,"Strategy, Transformation, & Innovation"
Capital Budgeting,https://flevy.com/topic/capital-budgeting,Uncategorized
Henry Mintzberg,https://flevy.com/topic/henry-mintzberg,Uncategorized
Business Intelligence,https://flevy.com/topic/business-intelligence,Digital Transformation
Work Planning,https://flevy.com/topic/work-planning,"Organization, Change, & HR"
Private Equity,https://flevy.com/topic/private-equity,Uncategorized
Virtual Teams,https://flevy.com/topic/virtual-teams,Digital Transformation
Deal Structuring,https://flevy.com/topic/deal-structuring,Uncategorized
Corporate Sustainability,https://flevy.com/topic/corporate-sustainability,"Organization, Change, & HR"
Cost Containment,https://flevy.com/topic/cost-containment,Operational Excellence
Data Analysis,https://flevy.com/topic/data-analysis,Uncategorized
PMP,https://flevy.com/topic/pmp,Uncategorized
Service 4.0,https://flevy.com/topic/service-4-0,"Strategy, Transformation, & Innovation"
Hoshin Planning,https://flevy.com/topic/hoshin-planning,Operational Excellence
Retail Industry,https://flevy.com/topic/retail-industry,Uncategorized
DMAIC,https://flevy.com/topic/dmaic,Operational Excellence
Valuation,https://flevy.com/topic/valuation,"Strategy, Transformation, & Innovation"
Excel Project Plan,https://flevy.com/topic/excel-project-plan,Uncategorized
Management Model PowerPoint Diagrams,https://flevy.com/topic/management-model-powerpoint-diagrams,Uncategorized
Business Framework PowerPoint Diagrams,https://flevy.com/topic/business-framework-powerpoint-diagrams,Uncategorized
Proposal Writing,https://flevy.com/topic/proposal-writing,Uncategorized
Succession Planning,https://flevy.com/topic/succession-planning,"Organization, Change, & HR"
Product Management,https://flevy.com/topic/product-management,"Strategy, Transformation, & Innovation"
Business Plan Development,https://flevy.com/topic/business-plan-development,Uncategorized
Scenario Analysis,https://flevy.com/topic/scenario-analysis,"Strategy, Transformation, & Innovation"
Small Business,https://flevy.com/topic/small-business,Uncategorized
Time Management,https://flevy.com/topic/time-management,"Organization, Change, & HR"
Blockchain,https://flevy.com/topic/blockchain,Digital Transformation
Net Promoter Score,https://flevy.com/topic/net-promoter-score,"Strategy, Transformation, & Innovation"
Cost Take-out,https://flevy.com/topic/cost-take-out,Operational Excellence
Maximizing Shareholder Value,https://flevy.com/topic/maximizing-shareholder-value,"Strategy, Transformation, & Innovation"
Procurement Negotiations,https://flevy.com/topic/procurement-negotiations,Operational Excellence
Business Case Template,https://flevy.com/topic/business-case-template,Uncategorized
Shipping Industry,https://flevy.com/topic/shipping-industry,Uncategorized
Company Cost Analysis,https://flevy.com/topic/company-cost-analysis,Operational Excellence
DMADV,https://flevy.com/topic/dmadv,Operational Excellence
Quality Control,https://flevy.com/topic/quality-control,Operational Excellence
Feasibility Study,https://flevy.com/topic/feasibility-study,Uncategorized
Data Management,https://flevy.com/topic/data-management,Digital Transformation
Consulting Sales,https://flevy.com/topic/consulting-sales,Consulting Framework
Business Planning,https://flevy.com/topic/business-planning,Uncategorized
Dashboard Design,https://flevy.com/topic/dashboard-design,Uncategorized
Motivation,https://flevy.com/topic/motivation,"Organization, Change, & HR"
BCG Matrix,https://flevy.com/topic/bcg-matrix,"Strategy, Transformation, & Innovation"
ISO 38500,https://flevy.com/topic/iso-38500,Digital Transformation
Facility Management,https://flevy.com/topic/facility-management,Operational Excellence
RACI Matrix,https://flevy.com/topic/raci-matrix,Operational Excellence
Product Lifecycle,https://flevy.com/topic/product-lifecycle,"Strategy, Transformation, & Innovation"
COSO Framework,https://flevy.com/topic/coso-framework,Operational Excellence
Farming Industry,https://flevy.com/topic/farming-industry,Uncategorized
S&OP,https://flevy.com/topic/sandop,Operational Excellence
Change Readiness,https://flevy.com/topic/change-readiness,"Organization, Change, & HR"
Capability Maturity Model,https://flevy.com/topic/capability-maturity-model,"Organization, Change, & HR"
Consulting Selling Process,https://flevy.com/topic/consulting-selling-process,Consulting Framework
PEST,https://flevy.com/topic/pest,"Strategy, Transformation, & Innovation"
Industry 4.0,https://flevy.com/topic/industry-4-0,Digital Transformation
M&A Integration,https://flevy.com/topic/manda-integration,Operational Excellence
Positioning,https://flevy.com/topic/positioning,"Strategy, Transformation, & Innovation"
8 Disciplines,https://flevy.com/topic/8-disciplines,Operational Excellence
Status Report,https://flevy.com/topic/status-report,Uncategorized
BPM,https://flevy.com/topic/bpm,Operational Excellence
Fourth Industrial Revolution,https://flevy.com/topic/fourth-industrial-revolution,Digital Transformation
ISO 27002,https://flevy.com/topic/iso-27002,Digital Transformation
Board of Directors,https://flevy.com/topic/board-of-directors,"Strategy, Transformation, & Innovation"
Wind Down,https://flevy.com/topic/wind-down,Uncategorized
Customer-centric Design,https://flevy.com/topic/customer-centric-design,Digital Transformation
Software,https://flevy.com/topic/software,Uncategorized
Supplier Relationship Management,https://flevy.com/topic/supplier-relationship-management,Operational Excellence
Strategy Methodologies,https://flevy.com/topic/strategy-methodologies,"Strategy, Transformation, & Innovation"
Project Charter,https://flevy.com/topic/project-charter,Uncategorized
Process Analysis and Design,https://flevy.com/topic/process-analysis-and-design,Operational Excellence
Business Process Management,https://flevy.com/topic/business-process-management,Operational Excellence
Proposal Development,https://flevy.com/topic/proposal-development,Uncategorized
Digital Supply Chain,https://flevy.com/topic/digital-supply-chain,Digital Transformation
TOGAF,https://flevy.com/topic/togaf,Digital Transformation
Banking,https://flevy.com/topic/banking,Uncategorized
SAP,https://flevy.com/topic/sap,Uncategorized
Minto Pyramid,https://flevy.com/topic/minto-pyramid,Operational Excellence
Learning Organization,https://flevy.com/topic/learning-organization,"Organization, Change, & HR"
Business Model Canvas,https://flevy.com/topic/business-model-canvas,"Strategy, Transformation, & Innovation"
Nonprofit,https://flevy.com/topic/nonprofit,Uncategorized
Channel Strategy Example,https://flevy.com/topic/channel-strategy-example,"Strategy, Transformation, & Innovation"
Business Impact Analysis,https://flevy.com/topic/business-impact-analysis,Operational Excellence
Supplier Management,https://flevy.com/topic/supplier-management,Operational Excellence
Insurance,https://flevy.com/topic/insurance,Uncategorized
Product Costing,https://flevy.com/topic/product-costing,Operational Excellence
Corporate Board,https://flevy.com/topic/corporate-board,"Strategy, Transformation, & Innovation"
Poka Yoke,https://flevy.com/topic/poka-yoke,Operational Excellence
Petroleum,https://flevy.com/topic/petroleum,Uncategorized
Document Management,https://flevy.com/topic/document-management,Operational Excellence
Cost Accounting,https://flevy.com/topic/cost-accounting,Operational Excellence
IT Testing,https://flevy.com/topic/it-testing,Digital Transformation
Strategy Frameworks Compilation,https://flevy.com/topic/strategy-frameworks-compilation,"Strategy, Transformation, & Innovation"
Brand Strategy,https://flevy.com/topic/brand-strategy,"Strategy, Transformation, & Innovation"
Project Plan Templates,https://flevy.com/topic/project-plan-templates,Uncategorized
Customer-centric Organization,https://flevy.com/topic/customer-centric-organization,Digital Transformation
Tourism,https://flevy.com/topic/tourism,Uncategorized
ISO 20000,https://flevy.com/topic/iso-20000,Digital Transformation
MBNQA,https://flevy.com/topic/mbnqa,Operational Excellence
Jishu Hozen,https://flevy.com/topic/jishu-hozen,Operational Excellence
Service Transformation,https://flevy.com/topic/service-transformation,"Strategy, Transformation, & Innovation"
ISO 19011,https://flevy.com/topic/iso-19011,Operational Excellence
ISO 9001,https://flevy.com/topic/iso-9001,Operational Excellence
Incident Investigation,https://flevy.com/topic/incident-investigation,Digital Transformation
Coaching,https://flevy.com/topic/coaching,"Organization, Change, & HR"
Organizational Silos,https://flevy.com/topic/organizational-silos,"Organization, Change, & HR"
Meeting Management,https://flevy.com/topic/meeting-management,"Organization, Change, & HR"
Competitive Assessment,https://flevy.com/topic/competitive-assessment,"Strategy, Transformation, & Innovation"
Cash Conversion Cycle,https://flevy.com/topic/cash-conversion-cycle,Uncategorized
Behavioral Strategy,https://flevy.com/topic/behavioral-strategy,"Strategy, Transformation, & Innovation"
Porter's 5 Forces,https://flevy.com/topic/porters-5-forces,"Strategy, Transformation, & Innovation"
Corporate Transformation,https://flevy.com/topic/corporate-transformation,"Strategy, Transformation, & Innovation"
Competitive Landscape,https://flevy.com/topic/competitive-landscape,"Strategy, Transformation, & Innovation"
Consulting Contracts,https://flevy.com/topic/consulting-contracts,Uncategorized
Occupational Safety,https://flevy.com/topic/occupational-safety,Operational Excellence
IT Business Analysis,https://flevy.com/topic/it-business-analysis,Digital Transformation
Gap Analysis,https://flevy.com/topic/gap-analysis,Uncategorized
GDPR,https://flevy.com/topic/gdpr,Digital Transformation
Diversity,https://flevy.com/topic/diversity,"Organization, Change, & HR"
Behavioral Economics,https://flevy.com/topic/behavioral-economics,"Strategy, Transformation, & Innovation"
Consumer Behavior,https://flevy.com/topic/consumer-behavior,"Strategy, Transformation, & Innovation"
Reorganization,https://flevy.com/topic/reorganization,"Strategy, Transformation, & Innovation"
Gemba Walk,https://flevy.com/topic/gemba-walk,Operational Excellence
Succession Management,https://flevy.com/topic/succession-management,"Organization, Change, & HR"
PESTLE,https://flevy.com/topic/pestle,"Strategy, Transformation, & Innovation"
Investment Vehicles,https://flevy.com/topic/investment-vehicles,Uncategorized
Career Management,https://flevy.com/topic/career-management,"Organization, Change, & HR"
CEO,https://flevy.com/topic/ceo,"Strategy, Transformation, & Innovation"
Service Management,https://flevy.com/topic/service-management,Uncategorized
Workshops,https://flevy.com/topic/workshops,"Organization, Change, & HR"
PowerPoint Diagrams Compilation,https://flevy.com/topic/powerpoint-diagrams-compilation,Consulting Framework
IoT,https://flevy.com/topic/iot,Digital Transformation
Ethical Organization,https://flevy.com/topic/ethical-organization,"Organization, Change, & HR"
New Product Development,https://flevy.com/topic/new-product-development,"Strategy, Transformation, & Innovation"
Company Analysis,https://flevy.com/topic/company-analysis,"Strategy, Transformation, & Innovation"
8D,https://flevy.com/topic/8d,Operational Excellence
Wargaming,https://flevy.com/topic/wargaming,"Strategy, Transformation, & Innovation"
Lean Six Sigma Green Belt,https://flevy.com/topic/lean-six-sigma-green-belt,Operational Excellence
Data Protection,https://flevy.com/topic/data-protection,Digital Transformation
TOM,https://flevy.com/topic/tom,"Organization, Change, & HR"
Conflict Management,https://flevy.com/topic/conflict-management,"Organization, Change, & HR"
Business Architecture,https://flevy.com/topic/business-architecture,Digital Transformation
Lodging Industry,https://flevy.com/topic/lodging-industry,Uncategorized
Customer Retention,https://flevy.com/topic/customer-retention,"Strategy, Transformation, & Innovation"
RCA,https://flevy.com/topic/rca,Operational Excellence
Hotel & Resort Industry,https://flevy.com/topic/hotel-and-resort-industry,Uncategorized
Sample Business Case,https://flevy.com/topic/sample-business-case,Uncategorized
Business Process Design,https://flevy.com/topic/business-process-design,Operational Excellence
Design of Experiments,https://flevy.com/topic/design-of-experiments,Operational Excellence
Activity Based Costing,https://flevy.com/topic/activity-based-costing,Operational Excellence
Workplace Productivity,https://flevy.com/topic/workplace-productivity,"Organization, Change, & HR"
Scope of Work,https://flevy.com/topic/scope-of-work,Uncategorized
Business Strategy Example,https://flevy.com/topic/business-strategy-example,"Strategy, Transformation, & Innovation"
Production,https://flevy.com/topic/production,Operational Excellence
Cryptocurrency,https://flevy.com/topic/cryptocurrency,Digital Transformation
Goal Setting,https://flevy.com/topic/goal-setting,"Organization, Change, & HR"
Corporate Governance,https://flevy.com/topic/corporate-governance,"Organization, Change, & HR"
3D Printing,https://flevy.com/topic/3d-printing,Digital Transformation
Creativity,https://flevy.com/topic/creativity,"Strategy, Transformation, & Innovation"
3PL,https://flevy.com/topic/3pl,Operational Excellence
Business Plans,https://flevy.com/topic/business-plans,Uncategorized
Capital Budgeting Business Case,https://flevy.com/topic/capital-budgeting-business-case,Uncategorized
Master Data Management,https://flevy.com/topic/master-data-management,Digital Transformation
A3,https://flevy.com/topic/a3,Operational Excellence
Innovation Culture,https://flevy.com/topic/innovation-culture,"Strategy, Transformation, & Innovation"
Automation,https://flevy.com/topic/automation,Digital Transformation
Business Ethics,https://flevy.com/topic/business-ethics,"Organization, Change, & HR"
Lean Culture,https://flevy.com/topic/lean-culture,Operational Excellence
Organizational Excellence,https://flevy.com/topic/organizational-excellence,"Organization, Change, & HR"
CMM,https://flevy.com/topic/cmm,"Organization, Change, & HR"
Globalization,https://flevy.com/topic/globalization,"Strategy, Transformation, & Innovation"
HCD,https://flevy.com/topic/hcd,Digital Transformation
Career Planning,https://flevy.com/topic/career-planning,"Organization, Change, & HR"
Mind Map,https://flevy.com/topic/mind-map,Operational Excellence
Psychology,https://flevy.com/topic/psychology,"Organization, Change, & HR"
Mentoring,https://flevy.com/topic/mentoring,"Organization, Change, & HR"
CRM,https://flevy.com/topic/crm,Digital Transformation
Excel Project Management,https://flevy.com/topic/excel-project-management,Uncategorized
Lean Office,https://flevy.com/topic/lean-office,Operational Excellence
Body Language,https://flevy.com/topic/body-language,"Organization, Change, & HR"
Telecommunications Industry,https://flevy.com/topic/telecommunications-industry,Uncategorized
Incident Management,https://flevy.com/topic/incident-management,Digital Transformation
Barbara Minto,https://flevy.com/topic/barbara-minto,Operational Excellence
Meeting Facilitation,https://flevy.com/topic/meeting-facilitation,"Organization, Change, & HR"
Self Improvement,https://flevy.com/topic/self-improvement,"Organization, Change, & HR"
JIT,https://flevy.com/topic/jit,Operational Excellence
ISO 22301,https://flevy.com/topic/iso-22301,Operational Excellence
TNA,https://flevy.com/topic/tna,"Organization, Change, & HR"
Proposal Writing & Development,https://flevy.com/topic/proposal-writing-and-development,Uncategorized
Game Theory,https://flevy.com/topic/game-theory,"Strategy, Transformation, & Innovation"
Emerging Market Entry,https://flevy.com/topic/emerging-market-entry,"Strategy, Transformation, & Innovation"
Just in Time,https://flevy.com/topic/just-in-time,Operational Excellence
Omni-channel Marketing,https://flevy.com/topic/omni-channel-marketing,Digital Transformation
EAM,https://flevy.com/topic/eam,Operational Excellence
Family Business,https://flevy.com/topic/family-business,Uncategorized
NLP,https://flevy.com/topic/nlp,Digital Transformation
DCS,https://flevy.com/topic/dcs,Uncategorized
Business Plan Writing,https://flevy.com/topic/business-plan-writing,Uncategorized
ISO 37001,https://flevy.com/topic/iso-37001,"Organization, Change, & HR"
Virtual Work,https://flevy.com/topic/virtual-work,Digital Transformation
Partnership Agreement,https://flevy.com/topic/partnership-agreement,Uncategorized
Breakthrough Strategy,https://flevy.com/topic/breakthrough-strategy,"Strategy, Transformation, & Innovation"
Autonomous Maintenance,https://flevy.com/topic/autonomous-maintenance,Operational Excellence
Fishbone Diagram,https://flevy.com/topic/fishbone-diagram,Uncategorized
Corruption,https://flevy.com/topic/corruption,"Organization, Change, & HR"
Progress Report,https://flevy.com/topic/progress-report,Uncategorized
Business Requirements,https://flevy.com/topic/business-requirements,Digital Transformation
Onboarding,https://flevy.com/topic/onboarding,"Organization, Change, & HR"
Design Measure Analyze Design Validate,https://flevy.com/topic/design-measure-analyze-design-validate,Operational Excellence
Business Case,https://flevy.com/topic/business-case,Uncategorized
Focus Interviewing,https://flevy.com/topic/focus-interviewing,"Strategy, Transformation, & Innovation"
Market Segmentation,https://flevy.com/topic/market-segmentation,"Strategy, Transformation, & Innovation"
Work Management,https://flevy.com/topic/work-management,"Organization, Change, & HR"
Working Capital Management,https://flevy.com/topic/working-capital-management,Operational Excellence
Fraud,https://flevy.com/topic/fraud,"Organization, Change, & HR"
Matrix Management,https://flevy.com/topic/matrix-management,"Organization, Change, & HR"
Cost of Quality,https://flevy.com/topic/cost-of-quality,Operational Excellence
SIPOC,https://flevy.com/topic/sipoc,Operational Excellence
Accounts Receivable,https://flevy.com/topic/accounts-receivable,Uncategorized
Benchmarking,https://flevy.com/topic/benchmarking,"Strategy, Transformation, & Innovation"
Business Model Design,https://flevy.com/topic/business-model-design,"Strategy, Transformation, & Innovation"
Consulting Project Management,https://flevy.com/topic/consulting-project-management,Consulting Framework
Business Process Outsourcing,https://flevy.com/topic/business-process-outsourcing,Operational Excellence
Telco Industry,https://flevy.com/topic/telco-industry,Uncategorized
Financing,https://flevy.com/topic/financing,Uncategorized
Vision Statement,https://flevy.com/topic/vision-statement,"Strategy, Transformation, & Innovation"
RFP,https://flevy.com/topic/rfp,Uncategorized
COQ,https://flevy.com/topic/coq,Operational Excellence
Marketplace,https://flevy.com/topic/marketplace,Uncategorized
OHSAS,https://flevy.com/topic/ohsas,Operational Excellence
Financial Ratios Template,https://flevy.com/topic/financial-ratios-template,Uncategorized
Information Privacy,https://flevy.com/topic/information-privacy,Digital Transformation
Design Measure Analyze Improve Control,https://flevy.com/topic/design-measure-analyze-improve-control,Operational Excellence
Training within Industry,https://flevy.com/topic/training-within-industry,Operational Excellence
FAS Performance Management,https://flevy.com/topic/fas-performance-management,Uncategorized
IT Governance,https://flevy.com/topic/it-governance,Digital Transformation
Sales & Operations Planning,https://flevy.com/topic/sales-and-operations-planning,Operational Excellence
Financial Ratios Calculator,https://flevy.com/topic/financial-ratios-calculator,Uncategorized
PowerPoint Maps,https://flevy.com/topic/powerpoint-maps,Uncategorized
Statistical Process Control,https://flevy.com/topic/statistical-process-control,Operational Excellence
CAPA,https://flevy.com/topic/capa,Operational Excellence
Chief Strategy Officer,https://flevy.com/topic/chief-strategy-officer,"Strategy, Transformation, & Innovation"
Liquidation,https://flevy.com/topic/liquidation,Uncategorized
CBAP,https://flevy.com/topic/cbap,Uncategorized
Capability Maturity Model Integration,https://flevy.com/topic/capability-maturity-model-integration,"Organization, Change, & HR"
RACI,https://flevy.com/topic/raci,Operational Excellence
Voice of the Customer,https://flevy.com/topic/voice-of-the-customer,"Strategy, Transformation, & Innovation"
Supply Chain Sustainability,https://flevy.com/topic/supply-chain-sustainability,Uncategorized
Tender,https://flevy.com/topic/tender,Uncategorized
Measurement Systems Analysis,https://flevy.com/topic/measurement-systems-analysis,Operational Excellence
APQP,https://flevy.com/topic/apqp,Operational Excellence
Solar Energy,https://flevy.com/topic/solar-energy,Uncategorized
Lean Startup,https://flevy.com/topic/lean-startup,Operational Excellence
Center of Excellence,https://flevy.com/topic/center-of-excellence,"Strategy, Transformation, & Innovation"
Consumer Packaged Goods,https://flevy.com/topic/consumer-packaged-goods,Uncategorized
Organizational Chart,https://flevy.com/topic/organizational-chart,"Organization, Change, & HR"
ISO 37000,https://flevy.com/topic/iso-37000,Uncategorized
Contact Center,https://flevy.com/topic/contact-center,Operational Excellence
PowerPoint Diagrams Library,https://flevy.com/topic/powerpoint-diagrams-library,Consulting Framework
Revenue Growth,https://flevy.com/topic/revenue-growth,"Strategy, Transformation, & Innovation"
BCG Growth-Share Matrix,https://flevy.com/topic/bcg-growth-share-matrix,"Strategy, Transformation, & Innovation"
Loans,https://flevy.com/topic/loans,Uncategorized
Corporate Policies,https://flevy.com/topic/corporate-policies,"Organization, Change, & HR"
Workplace Harassment,https://flevy.com/topic/workplace-harassment,"Organization, Change, & HR"
Heijunka,https://flevy.com/topic/heijunka,Operational Excellence
Sport Management,https://flevy.com/topic/sport-management,Uncategorized
Pricing PowerPoint Diagrams,https://flevy.com/topic/pricing-powerpoint-diagrams,Uncategorized
80/20 Rule,https://flevy.com/topic/80-20-rule,Uncategorized
Fundraising,https://flevy.com/topic/fundraising,Uncategorized
5 Whys,https://flevy.com/topic/5-whys,Operational Excellence
Electric Vehicle,https://flevy.com/topic/electric-vehicle,Uncategorized
Burke-Litwin,https://flevy.com/topic/burke-litwin,"Organization, Change, & HR"
Channel Management,https://flevy.com/topic/channel-management,Uncategorized
Omnichannel Supply Chain,https://flevy.com/topic/omnichannel-supply-chain,Operational Excellence
Expense Report,https://flevy.com/topic/expense-report,"Organization, Change, & HR"
IPO,https://flevy.com/topic/ipo,Uncategorized
Marketing Budget,https://flevy.com/topic/marketing-budget,"Strategy, Transformation, & Innovation"
ISO 9000,https://flevy.com/topic/iso-9000,Operational Excellence
Client Management,https://flevy.com/topic/client-management,Uncategorized
Resource Management,https://flevy.com/topic/resource-management,"Organization, Change, & HR"
COSO Internal Control,https://flevy.com/topic/coso-internal-control,Operational Excellence
Project Planning Workbook,https://flevy.com/topic/project-planning-workbook,Uncategorized
Open Innovation,https://flevy.com/topic/open-innovation,"Strategy, Transformation, & Innovation"
Software Testing,https://flevy.com/topic/software-testing,Digital Transformation
IEC 27001,https://flevy.com/topic/iec-27001,Digital Transformation
Standard Work,https://flevy.com/topic/standard-work,Operational Excellence
Platform Strategy,https://flevy.com/topic/platform-strategy,"Strategy, Transformation, & Innovation"
Bribery,https://flevy.com/topic/bribery,"Organization, Change, & HR"
Negotiations,https://flevy.com/topic/negotiations,"Organization, Change, & HR"
Channel Distribution Strategy Example,https://flevy.com/topic/channel-distribution-strategy-example,"Strategy, Transformation, & Innovation"
Market Sizing,https://flevy.com/topic/market-sizing,"Strategy, Transformation, & Innovation"
ISO 20700,https://flevy.com/topic/iso-20700,Uncategorized
Value Innovation,https://flevy.com/topic/value-innovation,"Strategy, Transformation, & Innovation"
Software Engineering,https://flevy.com/topic/software-engineering,Uncategorized
Design Sprint,https://flevy.com/topic/design-sprint,Uncategorized
Telecom Industry,https://flevy.com/topic/telecom-industry,Uncategorized
Spin-Off,https://flevy.com/topic/spin-off,"Strategy, Transformation, & Innovation"
Shingo Prize,https://flevy.com/topic/shingo-prize,Operational Excellence
Business Basics,https://flevy.com/topic/business-basics,Uncategorized
ISO 50001,https://flevy.com/topic/iso-50001,Operational Excellence
India,https://flevy.com/topic/india,Uncategorized
ERP Change Management,https://flevy.com/topic/erp-change-management,"Organization, Change, & HR"
ISO 26000,https://flevy.com/topic/iso-26000,"Organization, Change, & HR"
Cognitive Bias,https://flevy.com/topic/cognitive-bias,"Strategy, Transformation, & Innovation"
Utilities Industry,https://flevy.com/topic/utilities,Uncategorized
Overall Equipment Effectiveness,https://flevy.com/topic/overall-equipment-effectiveness,Operational Excellence
Configuration Management,https://flevy.com/topic/configuration-management,Digital Transformation
Service Level Management,https://flevy.com/topic/service-level-management,Uncategorized
PESTEL,https://flevy.com/topic/pestel,"Strategy, Transformation, & Innovation"
Arabic,https://flevy.com/topic/arabic,Uncategorized
Data Science,https://flevy.com/topic/data-science,Digital Transformation
Creative Thinking,https://flevy.com/topic/creative-thinking,"Strategy, Transformation, & Innovation"
Channel Strategy,https://flevy.com/topic/channel-strategy,Uncategorized
Business Dashboard,https://flevy.com/topic/business-dashboard,Uncategorized
Lean Six Sigma Black Belt,https://flevy.com/topic/lean-six-sigma-black-belt,Operational Excellence
ECBA,https://flevy.com/topic/ecba,Uncategorized
Employee Benefits,https://flevy.com/topic/employee-benefits,"Organization, Change, & HR"
Portfolio Strategy,https://flevy.com/topic/portfolio-strategy,"Strategy, Transformation, & Innovation"
BPO,https://flevy.com/topic/bpo,Operational Excellence
Obeya,https://flevy.com/topic/obeya,Operational Excellence
TQM,https://flevy.com/topic/tqm,Operational Excellence
Sales & Operations,https://flevy.com/topic/sales-and-operations,Operational Excellence
Oncology,https://flevy.com/topic/oncology,Uncategorized
Problem Management,https://flevy.com/topic/problem-management,Uncategorized
Consulting PowerPoint Diagrams,https://flevy.com/topic/consulting-powerpoint-diagrams,Consulting Framework
Hybrid Work,https://flevy.com/topic/hybrid-work,Digital Transformation
Market Entry Plan,https://flevy.com/topic/market-entry-plan,"Strategy, Transformation, & Innovation"
Subscription,https://flevy.com/topic/subscription,Uncategorized
PRINCE2,https://flevy.com/topic/prince2,Uncategorized
Turnaround,https://flevy.com/topic/turnaround,"Strategy, Transformation, & Innovation"
Boston Matrix,https://flevy.com/topic/boston-matrix,"Strategy, Transformation, & Innovation"
SLM,https://flevy.com/topic/slm,Uncategorized
FSMS,https://flevy.com/topic/fsms,Uncategorized
Compensation,https://flevy.com/topic/compensation,"Organization, Change, & HR"
Lean Six Sigma Yellow Belt,https://flevy.com/topic/lean-six-sigma-yellow-belt,Operational Excellence
Treasury,https://flevy.com/topic/treasury,Uncategorized
Distributed Control Systems,https://flevy.com/topic/distributed-control-systems,Uncategorized
Contractor Management,https://flevy.com/topic/contractor-management,Uncategorized
Organizational Health,https://flevy.com/topic/organizational-health,"Organization, Change, & HR"
Records Management,https://flevy.com/topic/records-management,Operational Excellence
Enterprise Asset Management,https://flevy.com/topic/enterprise-asset-management,Operational Excellence
Service Strategy,https://flevy.com/topic/service-strategy,"Strategy, Transformation, & Innovation"
Policy Development,https://flevy.com/topic/policy-development,"Organization, Change, & HR"
Russia-Ukraine War,https://flevy.com/topic/russia-ukraine-war,Uncategorized
ISO 20K,https://flevy.com/topic/iso-20k,Digital Transformation
Influence,https://flevy.com/topic/influence,"Organization, Change, & HR"
Market Entry,https://flevy.com/topic/market-entry,"Strategy, Transformation, & Innovation"
ISO 45001,https://flevy.com/topic/iso-45001,"Organization, Change, & HR"
CFO,https://flevy.com/topic/cfo,Uncategorized
Education,https://flevy.com/topic/education,Uncategorized
Takt Time,https://flevy.com/topic/takt-time,Operational Excellence
Sales Force,https://flevy.com/topic/sales-force,Uncategorized
Augmented Reality,https://flevy.com/topic/augmented-reality,Digital Transformation
Franchising,https://flevy.com/topic/franchising,Uncategorized
Corrective and Preventative Action,https://flevy.com/topic/corrective-and-preventative-action,Operational Excellence
Sales Compensation,https://flevy.com/topic/sales-compensation,Uncategorized
Diversity & Inclusion,https://flevy.com/topic/diversity-and-inclusion,"Organization, Change, & HR"
Demand Planning,https://flevy.com/topic/demand-planning,Operational Excellence
Hinshitsu Hozen,https://flevy.com/topic/hinshitsu-hozen,Operational Excellence
NGO,https://flevy.com/topic/ngo,Uncategorized
Mobile App,https://flevy.com/topic/mobile-app,Digital Transformation
Accounts Payable,https://flevy.com/topic/accounts-payable,Uncategorized
PowerPoint Map Diagrams,https://flevy.com/topic/powerpoint-map-diagrams,Uncategorized
P&L,https://flevy.com/topic/pandl,Uncategorized
Customer Profitability,https://flevy.com/topic/customer-profitability,"Strategy, Transformation, & Innovation"
Airbnb,https://flevy.com/topic/airbnb,Uncategorized
Profit and Loss,https://flevy.com/topic/profit-and-loss,Uncategorized
Distinctive Capabilities,https://flevy.com/topic/distinctive-capabilities,"Strategy, Transformation, & Innovation"
Lean Daily Management System,https://flevy.com/topic/lean-daily-management-system,Operational Excellence
Value Based Management,https://flevy.com/topic/value-based-management,"Strategy, Transformation, & Innovation"
SPC,https://flevy.com/topic/spc,Operational Excellence
Plan-Do-Check-Act,https://flevy.com/topic/plan-do-check-act,Operational Excellence
Profit Pools,https://flevy.com/topic/profit-pools,"Strategy, Transformation, & Innovation"
Lean Supply Chain,https://flevy.com/topic/lean-supply-chain,Operational Excellence
Wealth Management,https://flevy.com/topic/wealth-management,Uncategorized
Make or Buy,https://flevy.com/topic/make-or-buy,Operational Excellence
Productivity,https://flevy.com/topic/productivity,"Organization, Change, & HR"
Customer-centric Culture,https://flevy.com/topic/customer-centric-culture,Digital Transformation
Project Risk,https://flevy.com/topic/project-risk,Uncategorized
Requirements Gathering,https://flevy.com/topic/requirements-gathering,Digital Transformation
ERP,https://flevy.com/topic/erp,Uncategorized
Enterprise Resource Planning,https://flevy.com/topic/enterprise-resource-planning,Uncategorized
Synergies,https://flevy.com/topic/synergies,"Strategy, Transformation, & Innovation"
Data Center,https://flevy.com/topic/data-center,Uncategorized
Baldrige Excellence Framework,https://flevy.com/topic/baldrige-excellence-framework,Operational Excellence
Dividend Yield,https://flevy.com/topic/dividend-yield,Uncategorized
Call Center,https://flevy.com/topic/call-center,Operational Excellence
Corporate Entrepreneurship,https://flevy.com/topic/corporate-entrepreneurship,"Strategy, Transformation, & Innovation"
Matrix Organization,https://flevy.com/topic/matrix-organization,"Organization, Change, & HR"
Project Finance,https://flevy.com/topic/project-finance,Uncategorized
Wind Up,https://flevy.com/topic/wind-up,Uncategorized
Waste Elimination,https://flevy.com/topic/waste-elimination,Operational Excellence
Teamwork,https://flevy.com/topic/teamwork,"Organization, Change, & HR"
Deep Learning,https://flevy.com/topic/deep-learning,Digital Transformation
Request for Proposal,https://flevy.com/topic/request-for-proposal,Uncategorized
Lending,https://flevy.com/topic/lending,Uncategorized
Advanced Product Quality Planning,https://flevy.com/topic/advanced-product-quality-planning,Operational Excellence
SMED,https://flevy.com/topic/smed,Operational Excellence
Financial Management,https://flevy.com/topic/financial-management,Uncategorized
Stress Management,https://flevy.com/topic/stress-management,"Organization, Change, & HR"
B2B,https://flevy.com/topic/b2b,Uncategorized
Organizational Resilience,https://flevy.com/topic/organizational-resilience,Operational Excellence
Omni-channel Supply Chain,https://flevy.com/topic/omni-channel-supply-chain,Operational Excellence
Venture Capital,https://flevy.com/topic/venture-capital,Uncategorized
Holding Company,https://flevy.com/topic/holding-company,Uncategorized
"Health, Safety, and Environment",https://flevy.com/topic/health-safety-and-environment,"Organization, Change, & HR"
Break Even Analysis,https://flevy.com/topic/break-even-analysis,Uncategorized
Investment Banking,https://flevy.com/topic/investment-banking,Uncategorized
Cement,https://flevy.com/topic/cement,Uncategorized
VoC,https://flevy.com/topic/voc,"Strategy, Transformation, & Innovation"
Product Adoption,https://flevy.com/topic/product-adoption,"Strategy, Transformation, & Innovation"
Circular Economy,https://flevy.com/topic/circular-economy,Uncategorized
Invoice,https://flevy.com/topic/invoice,Uncategorized
MDM,https://flevy.com/topic/mdm,Digital Transformation
Non-profit,https://flevy.com/topic/non-profit,Uncategorized
TRIZ,https://flevy.com/topic/triz,Uncategorized
Change Resistance,https://flevy.com/topic/change-resistance,"Organization, Change, & HR"
Go-to-Market,https://flevy.com/topic/go-to-market,"Strategy, Transformation, & Innovation"
Quality Maintenance,https://flevy.com/topic/quality-maintenance,Operational Excellence
Public Relations,https://flevy.com/topic/public-relations,Uncategorized
QFD,https://flevy.com/topic/qfd,Operational Excellence
Error Proofing,https://flevy.com/topic/error-proofing,Operational Excellence
Pareto Principle,https://flevy.com/topic/pareto-principle,Uncategorized
Malcolm Baldrige National Quality Award,https://flevy.com/topic/malcolm-baldrige-national-quality-award,Operational Excellence
Account-based Management,https://flevy.com/topic/account-based-management,"Strategy, Transformation, & Innovation"
R&D,https://flevy.com/topic/randd,"Strategy, Transformation, & Innovation"
Production Planning,https://flevy.com/topic/production-planning,Operational Excellence
OEE,https://flevy.com/topic/oee,Operational Excellence
PowerPoint Maps and Flags,https://flevy.com/topic/powerpoint-maps-and-flags,Uncategorized
Meeting Facilitation/Management,https://flevy.com/topic/meeting-facilitation-management,"Organization, Change, & HR"
Non-governmental Organization,https://flevy.com/topic/non-governmental-organization,Uncategorized
Employee Orientation,https://flevy.com/topic/employee-orientation,"Organization, Change, & HR"
Presentation Delivery,https://flevy.com/topic/presentation-delivery,Uncategorized
Annual Financial Report,https://flevy.com/topic/annual-financial-report,Uncategorized
Personality Types,https://flevy.com/topic/personality-types,"Organization, Change, & HR"
Customer Insight,https://flevy.com/topic/customer-insight,"Strategy, Transformation, & Innovation"
DOE,https://flevy.com/topic/doe,Operational Excellence
Vendor Management,https://flevy.com/topic/vendor-management,Operational Excellence
Scheduling,https://flevy.com/topic/scheduling,Operational Excellence
Networking,https://flevy.com/topic/networking,"Organization, Change, & HR"
Capital Structure,https://flevy.com/topic/capital-structure,Uncategorized
Distinctive Capability,https://flevy.com/topic/distinctive-capability,"Strategy, Transformation, & Innovation"
Event Industry,https://flevy.com/topic/event-industry,Uncategorized
Electric Car,https://flevy.com/topic/electric-car,Uncategorized
South Africa,https://flevy.com/topic/south-africa,Uncategorized
Coworking,https://flevy.com/topic/coworking,Uncategorized
Strategic Foresight,https://flevy.com/topic/strategic-foresight,"Strategy, Transformation, & Innovation"
WBS,https://flevy.com/topic/wbs,Uncategorized
Waste Identification,https://flevy.com/topic/waste-identification,Operational Excellence
VBM,https://flevy.com/topic/vbm,"Strategy, Transformation, & Innovation"
ISO 21001,https://flevy.com/topic/iso-21001,Uncategorized
Agentic AI,https://flevy.com/topic/agentic-ai,Uncategorized
Winding Down,https://flevy.com/topic/winding-down,Uncategorized
Lead Management,https://flevy.com/topic/lead-management,"Strategy, Transformation, & Innovation"
Tax,https://flevy.com/topic/tax,Uncategorized
Revenue Management,https://flevy.com/topic/revenue-management,"Strategy, Transformation, & Innovation"
Fintech,https://flevy.com/topic/fintech,Uncategorized
Aviation Industry,https://flevy.com/topic/aviation-industry,Uncategorized
Growth-Share Matrix,https://flevy.com/topic/growth-share-matrix,"Strategy, Transformation, & Innovation"
Policy Management,https://flevy.com/topic/policy-management,"Organization, Change, & HR"
Solar Farm,https://flevy.com/topic/solar-farm,Uncategorized
Objectives and Key Results,https://flevy.com/topic/objectives-and-key-results,"Strategy, Transformation, & Innovation"
NPV Calculator,https://flevy.com/topic/npv-calculator,Uncategorized
Reliability Centered Maintenance,https://flevy.com/topic/reliability-centered-maintenance,Operational Excellence
Workflow,https://flevy.com/topic/workflow,Uncategorized
Quality Function Deployment,https://flevy.com/topic/quality-function-deployment,Operational Excellence
Divestiture,https://flevy.com/topic/divestiture,"Strategy, Transformation, & Innovation"
Continuous Flow,https://flevy.com/topic/continuous-flow,Operational Excellence
Account-based Marketing,https://flevy.com/topic/account-based-marketing,"Strategy, Transformation, & Innovation"
Wind Energy,https://flevy.com/topic/wind-energy,Uncategorized
Monte Carlo,https://flevy.com/topic/monte-carlo,Uncategorized
IEC 61508,https://flevy.com/topic/iec-61508,Uncategorized
Action Plan,https://flevy.com/topic/action-plan,"Strategy, Transformation, & Innovation"
Non-Disclosure Agreement,https://flevy.com/topic/non-disclosure-agreement,Uncategorized
Theory of Constraints,https://flevy.com/topic/theory-of-constraints,"Strategy, Transformation, & Innovation"
ISO 13485,https://flevy.com/topic/iso-13485,Uncategorized
ISO 22000,https://flevy.com/topic/iso-22000,Uncategorized
Mistake-Proofing,https://flevy.com/topic/mistake-proofing,Operational Excellence
Research & Development,https://flevy.com/topic/research-and-development,"Strategy, Transformation, & Innovation"
Best Demonstrated Practices,https://flevy.com/topic/best-demonstrated-practices,"Strategy, Transformation, & Innovation"
Consulting Contract,https://flevy.com/topic/consulting-contract,Consulting Framework
Work Breakdown Structure,https://flevy.com/topic/work-breakdown-structure,Uncategorized
Bid,https://flevy.com/topic/bid,Uncategorized
NDA,https://flevy.com/topic/nda,Uncategorized
Calendar,https://flevy.com/topic/calendar,Uncategorized
Collaboration,https://flevy.com/topic/collaboration,"Organization, Change, & HR"
Project Scope,https://flevy.com/topic/project-scope,Uncategorized
Cancer,https://flevy.com/topic/cancer,Uncategorized
Government,https://flevy.com/topic/government,Uncategorized
Planned Maintenance,https://flevy.com/topic/planned-maintenance,Operational Excellence
Training Needs Analysis,https://flevy.com/topic/training-needs-analysis,"Organization, Change, & HR"
Hazards,https://flevy.com/topic/hazards,Uncategorized
Gage Repeatability and Reproducibility,https://flevy.com/topic/gage-repeatability-and-reproducibility,Operational Excellence
Home Care,https://flevy.com/topic/home-care,Uncategorized
Third Party Logistics,https://flevy.com/topic/third-party-logistics,Operational Excellence
Delta Model,https://flevy.com/topic/delta-model,"Strategy, Transformation, & Innovation"
Project Cost,https://flevy.com/topic/project-cost,Uncategorized
Portfolio Management,https://flevy.com/topic/portfolio-management,Uncategorized
Org Chart,https://flevy.com/topic/org-chart,"Organization, Change, & HR"
TWI,https://flevy.com/topic/twi,Operational Excellence
ISO 55000,https://flevy.com/topic/iso-55000,Uncategorized
Joint Venture,https://flevy.com/topic/joint-venture,"Strategy, Transformation, & Innovation"
Winding Up,https://flevy.com/topic/winding-up,Uncategorized
Design for Six Sigma,https://flevy.com/topic/design-for-six-sigma,Operational Excellence
Model-Based Systems Engineering,https://flevy.com/topic/model-based-systems-engineering,Operational Excellence
Southern Africa,https://flevy.com/topic/southern-africa,Uncategorized
IT4IT,https://flevy.com/topic/it4it,Digital Transformation
Rapid Improvement Event,https://flevy.com/topic/rapid-improvement-event,Operational Excellence
Staffing,https://flevy.com/topic/staffing,"Organization, Change, & HR"
A/B Testing,https://flevy.com/topic/a-b-testing,Uncategorized
Wholesale,https://flevy.com/topic/wholesale,Uncategorized
Employee Termination,https://flevy.com/topic/employee-termination,"Organization, Change, & HR"
Public-Private Partnership,https://flevy.com/topic/public-private-partnership,Uncategorized
Hedge Fund,https://flevy.com/topic/hedge-fund,Uncategorized
Malcolm Baldrige,https://flevy.com/topic/malcolm-baldrige,Operational Excellence
Digital Leadership,https://flevy.com/topic/digital-leadership,Digital Transformation
IEC 61511,https://flevy.com/topic/iec-61511,Uncategorized
Deming Cycle,https://flevy.com/topic/deming-cycle,Operational Excellence
Fairness,https://flevy.com/topic/fairness,"Organization, Change, & HR"
Short-term Rental,https://flevy.com/topic/short-term-rental,Uncategorized
Salesforce,https://flevy.com/topic/salesforce,Uncategorized
CPRE,https://flevy.com/topic/cpre,Uncategorized
Delegation,https://flevy.com/topic/delegation,"Organization, Change, & HR"
Advertising,https://flevy.com/topic/advertising,Uncategorized
Wind Farm,https://flevy.com/topic/wind-farm,Uncategorized
Access Management,https://flevy.com/topic/access-management,Uncategorized
Design for X,https://flevy.com/topic/design-for-x,Operational Excellence
Business Quotes,https://flevy.com/topic/business-quotes,Uncategorized
Good Manufacturing Practice,https://flevy.com/topic/good-manufacturing-practice,Operational Excellence
Solar Power,https://flevy.com/topic/solar-power,Uncategorized
Law,https://flevy.com/topic/law,Uncategorized
Insolvency,https://flevy.com/topic/insolvency,Uncategorized
CPG,https://flevy.com/topic/cpg,Uncategorized
Personality Profiles,https://flevy.com/topic/personality-profiles,"Organization, Change, & HR"
Food Safety,https://flevy.com/topic/food-safety,Uncategorized
McKinsey Three Horizons of Growth,https://flevy.com/topic/mckinsey-three-horizons-of-growth,"Strategy, Transformation, & Innovation"
Customer Care,https://flevy.com/topic/customer-care,Digital Transformation
SIS,https://flevy.com/topic/sis,Uncategorized
Emergency Shutdown,https://flevy.com/topic/emergency-shutdown,Uncategorized
IEC 27002,https://flevy.com/topic/iec-27002,Digital Transformation
NPS,https://flevy.com/topic/nps,"Strategy, Transformation, & Innovation"
Order Management,https://flevy.com/topic/order-management,Operational Excellence
LDMS,https://flevy.com/topic/ldms,Operational Excellence
CCBA,https://flevy.com/topic/ccba,Uncategorized
Quick Changeover,https://flevy.com/topic/quick-changeover,Operational Excellence
Business Development,https://flevy.com/topic/business-development,"Strategy, Transformation, & Innovation"
Debt,https://flevy.com/topic/debt,Uncategorized
JTBD,https://flevy.com/topic/jtbd,"Strategy, Transformation, & Innovation"
Local Culture,https://flevy.com/topic/local-culture,"Organization, Change, & HR"
Chart Design,https://flevy.com/topic/chart-design,Uncategorized
Jobs-to-Be-Done,https://flevy.com/topic/jobs-to-be-done,"Strategy, Transformation, & Innovation"
Purpose,https://flevy.com/topic/purpose,"Strategy, Transformation, & Innovation"
Setup Reduction,https://flevy.com/topic/setup-reduction,Operational Excellence
Business Law,https://flevy.com/topic/business-law,Uncategorized
Lead Generation,https://flevy.com/topic/lead-generation,"Strategy, Transformation, & Innovation"
Employment Termination,https://flevy.com/topic/employment-termination,"Organization, Change, & HR"
